{"cameraMode":{"drawMode":0,"name":"Shaded","section":"Shading Mode"},"sceneLighting":true,"audioPlay":false,"sceneViewState":{"showFog":true,"showMaterialUpdate":false,"showSkybox":true,"showFlares":true,"showImageEffects":true,"showParticleSystems":true},"in2DMode":false,"pivot":{"x":-20.691770553588868,"y":-14.977256774902344,"z":39.31815719604492},"rotation":{"x":-0.21290868520736695,"y":0.4813624322414398,"z":-0.12178958207368851,"w":-0.841502845287323},"size":234.10162353515626,"orthographic":false}