{"cameraMode":{"drawMode":0,"name":"Shaded","section":"Shading Mode"},"sceneLighting":false,"audioPlay":false,"sceneViewState":{"showFog":true,"showMaterialUpdate":true,"showSkybox":false,"showFlares":true,"showImageEffects":true,"showParticleSystems":true},"in2DMode":false,"pivot":{"x":0.30671370029449465,"y":0.48158717155456545,"z":0.014141082763671875},"rotation":{"x":0.053754765540361407,"y":-0.6628332138061523,"z":0.047806642949581149,"w":0.7453033924102783},"size":5.709877967834473,"orthographic":true}