{"cameraMode":{"drawMode":0,"name":"Shaded","section":"Shading Mode"},"sceneLighting":false,"audioPlay":false,"sceneViewState":{"showFog":true,"showMaterialUpdate":true,"showSkybox":false,"showFlares":true,"showImageEffects":true,"showParticleSystems":true},"in2DMode":false,"pivot":{"x":-0.12309539318084717,"y":3.13655686378479,"z":-1.818922519683838},"rotation":{"x":-0.004392154980450869,"y":0.9895551800727844,"z":-0.1407718062400818,"w":-0.030884061008691789},"size":9.341782569885254,"orthographic":false}