{"cameraMode":{"drawMode":0,"name":"Shaded","section":"Shading Mode"},"sceneLighting":false,"audioPlay":false,"sceneViewState":{"showFog":true,"showMaterialUpdate":true,"showSkybox":false,"showFlares":true,"showImageEffects":true,"showParticleSystems":true},"in2DMode":false,"pivot":{"x":-49.09330749511719,"y":38.17446517944336,"z":-75.08290100097656},"rotation":{"x":0.22783102095127107,"y":0.3591386377811432,"z":-0.09086475521326065,"w":0.9004818797111511},"size":21.010000228881837,"orthographic":false}