{"cameraMode":{"drawMode":0,"name":"Shaded","section":"Shading Mode"},"sceneLighting":false,"audioPlay":false,"sceneViewState":{"showFog":false,"showMaterialUpdate":false,"showSkybox":false,"showFlares":false,"showImageEffects":false,"showParticleSystems":false},"in2DMode":false,"pivot":{"x":-6.695476055145264,"y":-1.7917330265045167,"z":-2.3623688220977785},"rotation":{"x":-0.07744920998811722,"y":0.8371087312698364,"z":-0.12293064594268799,"w":-0.5273933410644531},"size":11.771490097045899,"orthographic":false}