{"cameraMode":{"drawMode":0,"name":"Shaded","section":"Shading Mode"},"sceneLighting":true,"audioPlay":false,"sceneViewState":{"showFog":true,"showMaterialUpdate":true,"showSkybox":true,"showFlares":true,"showImageEffects":true,"showParticleSystems":true},"in2DMode":false,"pivot":{"x":171.39389038085938,"y":13.736865997314454,"z":48.82410430908203},"rotation":{"x":-0.1644696146249771,"y":0.7565159797668457,"z":-0.20815083384513856,"w":-0.5977582335472107},"size":44.655887603759769,"orthographic":false}