{"cameraMode":{"drawMode":0,"name":"Shaded","section":"Shading Mode"},"sceneLighting":false,"audioPlay":false,"sceneViewState":{"showFog":false,"showMaterialUpdate":false,"showSkybox":false,"showFlares":false,"showImageEffects":false,"showParticleSystems":false},"in2DMode":false,"pivot":{"x":188.90231323242188,"y":32.05888366699219,"z":95.79331970214844},"rotation":{"x":-0.36338549852371218,"y":-0.2935342490673065,"z":0.12179137766361237,"w":-0.8757715821266174},"size":10.853363037109375,"orthographic":false}