{"cameraMode":{"drawMode":0,"name":"Shaded","section":"Shading Mode"},"sceneLighting":true,"audioPlay":false,"sceneViewState":{"showFog":false,"showMaterialUpdate":false,"showSkybox":false,"showFlares":false,"showImageEffects":false,"showParticleSystems":false},"in2DMode":false,"pivot":{"x":-9.32890510559082,"y":-2.9801721572875978,"z":-13.361595153808594},"rotation":{"x":-0.20022542774677277,"y":0.43237531185150149,"z":-0.09910102933645249,"w":-0.8735790848731995},"size":55.333641052246097,"orthographic":false}